CODE,TYPE
COS_EXP_AFG,COUNTRY
COS_EXP_AGO,COUNTRY
COS_EXP_ALB,COUNTRY
COS_EXP_ANT,COUNTRY
COS_EXP_ARE,COUNTRY
COS_EXP_ARG,COUNTRY
COS_EXP_ARM,COUNTRY
COS_EXP_ATG,COUNTRY
COS_EXP_AUS,COUNTRY
COS_EXP_AUT,COUNTRY
COS_EXP_AZE,COUNTRY
COS_EXP_BEL,COUNTRY
COS_EXP_BEN,COUNTRY
COS_EXP_BGD,COUNTRY
COS_EXP_BGR,COUNTRY
COS_EXP_BHR,COUNTRY
COS_EXP_BHS,COUNTRY
COS_EXP_BLZ,COUNTRY
COS_EXP_BMU,COUNTRY
COS_EXP_BOL,COUNTRY
COS_EXP_BRA,COUNTRY
COS_EXP_BRB,COUNTRY
COS_EXP_CAN,COUNTRY
COS_EXP_CHE,COUNTRY
COS_EXP_CHL,COUNTRY
COS_EXP_CHN,COUNTRY
COS_EXP_CIV,COUNTRY
COS_EXP_CMR,COUNTRY
COS_EXP_COD,COUNTRY
COS_EXP_COG,COUNTRY
COS_EXP_COL,COUNTRY
COS_EXP_CPV,COUNTRY
COS_EXP_CRI,COUNTRY
COS_EXP_CUB,COUNTRY
COS_EXP_CUW,COUNTRY
COS_EXP_CYM,COUNTRY
COS_EXP_CYP,COUNTRY
COS_EXP_DEU,COUNTRY
COS_EXP_DJI,COUNTRY
COS_EXP_DNK,COUNTRY
COS_EXP_DOM,COUNTRY
COS_EXP_DZA,COUNTRY
COS_EXP_ECU,COUNTRY
COS_EXP_EGY,COUNTRY
COS_EXP_ESP,COUNTRY
COS_EXP_ETH,COUNTRY
COS_EXP_FIN,COUNTRY
COS_EXP_FRA,COUNTRY
COS_EXP_GAB,COUNTRY
COS_EXP_GBR,COUNTRY
COS_EXP_GHA,COUNTRY
COS_EXP_GIB,COUNTRY
COS_EXP_GIN,COUNTRY
COS_EXP_GLP,COUNTRY
COS_EXP_GMB,COUNTRY
COS_EXP_GNQ,COUNTRY
COS_EXP_GRC,COUNTRY
COS_EXP_GRD,COUNTRY
COS_EXP_GTM,COUNTRY
COS_EXP_GUF,COUNTRY
COS_EXP_GUY,COUNTRY
COS_EXP_HKG,COUNTRY
COS_EXP_HND,COUNTRY
COS_EXP_HRV,COUNTRY
COS_EXP_HTI,COUNTRY
COS_EXP_HUN,COUNTRY
COS_EXP_IDN,COUNTRY
COS_EXP_IMN,COUNTRY
COS_EXP_IND,COUNTRY
COS_EXP_IRL,COUNTRY
COS_EXP_IRN,COUNTRY
COS_EXP_IRQ,COUNTRY
COS_EXP_ISL,COUNTRY
COS_EXP_ISR,COUNTRY
COS_EXP_ITA,COUNTRY
COS_EXP_JAM,COUNTRY
COS_EXP_JOR,COUNTRY
COS_EXP_JPN,COUNTRY
COS_EXP_KEN,COUNTRY
COS_EXP_KHM,COUNTRY
COS_EXP_KOR,COUNTRY
COS_EXP_KWT,COUNTRY
COS_EXP_LBN,COUNTRY
COS_EXP_LBR,COUNTRY
COS_EXP_LBY,COUNTRY
COS_EXP_LCA,COUNTRY
COS_EXP_LUX,COUNTRY
COS_EXP_LVA,COUNTRY
COS_EXP_MAR,COUNTRY
COS_EXP_MEX,COUNTRY
COS_EXP_MHL,COUNTRY
COS_EXP_MLI,COUNTRY
COS_EXP_MLT,COUNTRY
COS_EXP_MMR,COUNTRY
COS_EXP_MNE,COUNTRY
COS_EXP_MOZ,COUNTRY
COS_EXP_MRT,COUNTRY
COS_EXP_MTQ,COUNTRY
COS_EXP_MYS,COUNTRY
COS_EXP_NAM,COUNTRY
COS_EXP_NER,COUNTRY
COS_EXP_NGA,COUNTRY
COS_EXP_NIC,COUNTRY
COS_EXP_NLD,COUNTRY
COS_EXP_NOR,COUNTRY
COS_EXP_NPL,COUNTRY
COS_EXP_NZL,COUNTRY
COS_EXP_OMN,COUNTRY
COS_EXP_PAK,COUNTRY
COS_EXP_PAN,COUNTRY
COS_EXP_PCN,COUNTRY
COS_EXP_PER,COUNTRY
COS_EXP_PHL,COUNTRY
COS_EXP_POL,COUNTRY
COS_EXP_PRI,COUNTRY
COS_EXP_PRK,COUNTRY
COS_EXP_PRT,COUNTRY
COS_EXP_PRY,COUNTRY
COS_EXP_QAT,COUNTRY
COS_EXP_ROU,COUNTRY
COS_EXP_RUS,COUNTRY
COS_EXP_SAU,COUNTRY
COS_EXP_SCG,COUNTRY
COS_EXP_SDN,COUNTRY
COS_EXP_SEN,COUNTRY
COS_EXP_SGP,COUNTRY
COS_EXP_SLE,COUNTRY
COS_EXP_SLV,COUNTRY
COS_EXP_SOM,COUNTRY
COS_EXP_STP,COUNTRY
COS_EXP_SUR,COUNTRY
COS_EXP_SVN,COUNTRY
COS_EXP_SYR,COUNTRY
COS_EXP_TCA,COUNTRY
COS_EXP_TGO,COUNTRY
COS_EXP_THA,COUNTRY
COS_EXP_TON,COUNTRY
COS_EXP_TTO,COUNTRY
COS_EXP_TUN,COUNTRY
COS_EXP_TUR,COUNTRY
COS_EXP_TUV,COUNTRY
COS_EXP_TWN,COUNTRY
COS_EXP_TZA,COUNTRY
COS_EXP_UGA,COUNTRY
COS_EXP_UMI,COUNTRY
COS_EXP_URY,COUNTRY
COS_EXP_USA,COUNTRY
COS_EXP_VCT,COUNTRY
COS_EXP_VEN,COUNTRY
COS_EXP_VGB,COUNTRY
COS_EXP_VIR,COUNTRY
COS_EXP_VNM,COUNTRY
COS_EXP_WOR,COUNTRY
COS_EXP_YEM,COUNTRY
COS_EXP_ZAF,COUNTRY
COS_EXP_ZMB,COUNTRY
COS_EXP_ZWE,COUNTRY
SBM_EXP_AFG,COUNTRY
SBM_EXP_AGO,COUNTRY
SBM_EXP_ALB,COUNTRY
SBM_EXP_ANT,COUNTRY
SBM_EXP_ARE,COUNTRY
SBM_EXP_ARG,COUNTRY
SBM_EXP_AUS,COUNTRY
SBM_EXP_AUT,COUNTRY
SBM_EXP_BEL,COUNTRY
SBM_EXP_BGD,COUNTRY
SBM_EXP_BGR,COUNTRY
SBM_EXP_BHS,COUNTRY
SBM_EXP_BLZ,COUNTRY
SBM_EXP_BMU,COUNTRY
SBM_EXP_BOL,COUNTRY
SBM_EXP_CAN,COUNTRY
SBM_EXP_CHE,COUNTRY
SBM_EXP_CHL,COUNTRY
SBM_EXP_CHN,COUNTRY
SBM_EXP_CIV,COUNTRY
SBM_EXP_CMR,COUNTRY
SBM_EXP_COG,COUNTRY
SBM_EXP_COL,COUNTRY
SBM_EXP_CPV,COUNTRY
SBM_EXP_CRI,COUNTRY
SBM_EXP_CUB,COUNTRY
SBM_EXP_CYM,COUNTRY
SBM_EXP_CYP,COUNTRY
SBM_EXP_CZE,COUNTRY
SBM_EXP_DEU,COUNTRY
SBM_EXP_DNK,COUNTRY
SBM_EXP_DOM,COUNTRY
SBM_EXP_DZA,COUNTRY
SBM_EXP_ECU,COUNTRY
SBM_EXP_EGY,COUNTRY
SBM_EXP_ESP,COUNTRY
SBM_EXP_EST,COUNTRY
SBM_EXP_FIN,COUNTRY
SBM_EXP_FRA,COUNTRY
SBM_EXP_GAB,COUNTRY
SBM_EXP_GBR,COUNTRY
SBM_EXP_GEO,COUNTRY
SBM_EXP_GHA,COUNTRY
SBM_EXP_GIB,COUNTRY
SBM_EXP_GIN,COUNTRY
SBM_EXP_GLP,COUNTRY
SBM_EXP_GNB,COUNTRY
SBM_EXP_GNQ,COUNTRY
SBM_EXP_GRC,COUNTRY
SBM_EXP_GTM,COUNTRY
SBM_EXP_GUY,COUNTRY
SBM_EXP_HKG,COUNTRY
SBM_EXP_HND,COUNTRY
SBM_EXP_HRV,COUNTRY
SBM_EXP_HUN,COUNTRY
SBM_EXP_IDN,COUNTRY
SBM_EXP_IND,COUNTRY
SBM_EXP_IRL,COUNTRY
SBM_EXP_IRN,COUNTRY
SBM_EXP_IRQ,COUNTRY
SBM_EXP_ISR,COUNTRY
SBM_EXP_ITA,COUNTRY
SBM_EXP_JOR,COUNTRY
SBM_EXP_JPN,COUNTRY
SBM_EXP_KHM,COUNTRY
SBM_EXP_KOR,COUNTRY
SBM_EXP_KWT,COUNTRY
SBM_EXP_LBN,COUNTRY
SBM_EXP_LBY,COUNTRY
SBM_EXP_LIE,COUNTRY
SBM_EXP_LKA,COUNTRY
SBM_EXP_LTU,COUNTRY
SBM_EXP_LVA,COUNTRY
SBM_EXP_MAR,COUNTRY
SBM_EXP_MDG,COUNTRY
SBM_EXP_MEX,COUNTRY
SBM_EXP_MKD,COUNTRY
SBM_EXP_MMR,COUNTRY
SBM_EXP_MOZ,COUNTRY
SBM_EXP_MRT,COUNTRY
SBM_EXP_MYS,COUNTRY
SBM_EXP_NCL,COUNTRY
SBM_EXP_NGA,COUNTRY
SBM_EXP_NIC,COUNTRY
SBM_EXP_NLD,COUNTRY
SBM_EXP_NOR,COUNTRY
SBM_EXP_NPL,COUNTRY
SBM_EXP_NZL,COUNTRY
SBM_EXP_OMN,COUNTRY
SBM_EXP_PAK,COUNTRY
SBM_EXP_PAN,COUNTRY
SBM_EXP_PER,COUNTRY
SBM_EXP_PHL,COUNTRY
SBM_EXP_POL,COUNTRY
SBM_EXP_PRI,COUNTRY
SBM_EXP_PRK,COUNTRY
SBM_EXP_PRT,COUNTRY
SBM_EXP_PRY,COUNTRY
SBM_EXP_PYF,COUNTRY
SBM_EXP_QAT,COUNTRY
SBM_EXP_ROU,COUNTRY
SBM_EXP_RUS,COUNTRY
SBM_EXP_SAU,COUNTRY
SBM_EXP_SCG,COUNTRY
SBM_EXP_SEN,COUNTRY
SBM_EXP_SGP,COUNTRY
SBM_EXP_SLE,COUNTRY
SBM_EXP_SLV,COUNTRY
SBM_EXP_SUR,COUNTRY
SBM_EXP_SVK,COUNTRY
SBM_EXP_SVN,COUNTRY
SBM_EXP_SWE,COUNTRY
SBM_EXP_SYR,COUNTRY
SBM_EXP_TCA,COUNTRY
SBM_EXP_THA,COUNTRY
SBM_EXP_TKL,COUNTRY
SBM_EXP_TTO,COUNTRY
SBM_EXP_TUN,COUNTRY
SBM_EXP_TUR,COUNTRY
SBM_EXP_TWN,COUNTRY
SBM_EXP_TZA,COUNTRY
SBM_EXP_UKR,COUNTRY
SBM_EXP_UMI,COUNTRY
SBM_EXP_URY,COUNTRY
SBM_EXP_USA,COUNTRY
SBM_EXP_VEN,COUNTRY
SBM_EXP_VGB,COUNTRY
SBM_EXP_VNM,COUNTRY
SBM_EXP_WOR,COUNTRY
SBM_EXP_YEM,COUNTRY
SBM_EXP_ZAF,COUNTRY
SBO_EXP_ABW,COUNTRY
SBO_EXP_AGO,COUNTRY
SBO_EXP_ANT,COUNTRY
SBO_EXP_ARE,COUNTRY
SBO_EXP_ARG,COUNTRY
SBO_EXP_ATG,COUNTRY
SBO_EXP_AUS,COUNTRY
SBO_EXP_BEL,COUNTRY
SBO_EXP_BGD,COUNTRY
SBO_EXP_BGR,COUNTRY
SBO_EXP_BHR,COUNTRY
SBO_EXP_BHS,COUNTRY
SBO_EXP_BLZ,COUNTRY
SBO_EXP_BMU,COUNTRY
SBO_EXP_BOL,COUNTRY
SBO_EXP_BRA,COUNTRY
SBO_EXP_BRB,COUNTRY
SBO_EXP_CAN,COUNTRY
SBO_EXP_CCK,COUNTRY
SBO_EXP_CHE,COUNTRY
SBO_EXP_CHL,COUNTRY
SBO_EXP_CHN,COUNTRY
SBO_EXP_CIV,COUNTRY
SBO_EXP_CMR,COUNTRY
SBO_EXP_COD,COUNTRY
SBO_EXP_COG,COUNTRY
SBO_EXP_COK,COUNTRY
SBO_EXP_COL,COUNTRY
SBO_EXP_COM,COUNTRY
SBO_EXP_CPV,COUNTRY
SBO_EXP_CRI,COUNTRY
SBO_EXP_CUB,COUNTRY
SBO_EXP_CUW,COUNTRY
SBO_EXP_CYM,COUNTRY
SBO_EXP_CYP,COUNTRY
SBO_EXP_DEU,COUNTRY
SBO_EXP_DMA,COUNTRY
SBO_EXP_DNK,COUNTRY
SBO_EXP_DOM,COUNTRY
SBO_EXP_DZA,COUNTRY
SBO_EXP_ECU,COUNTRY
SBO_EXP_EGY,COUNTRY
SBO_EXP_ESP,COUNTRY
SBO_EXP_FIN,COUNTRY
SBO_EXP_FJI,COUNTRY
SBO_EXP_FLK,COUNTRY
SBO_EXP_FRA,COUNTRY
SBO_EXP_GAB,COUNTRY
SBO_EXP_GBR,COUNTRY
SBO_EXP_GEO,COUNTRY
SBO_EXP_GHA,COUNTRY
SBO_EXP_GIB,COUNTRY
SBO_EXP_GIN,COUNTRY
SBO_EXP_GMB,COUNTRY
SBO_EXP_GNB,COUNTRY
SBO_EXP_GNQ,COUNTRY
SBO_EXP_GRC,COUNTRY
SBO_EXP_GRD,COUNTRY
SBO_EXP_GTM,COUNTRY
SBO_EXP_GUF,COUNTRY
SBO_EXP_GUY,COUNTRY
SBO_EXP_HKG,COUNTRY
SBO_EXP_HND,COUNTRY
SBO_EXP_HRV,COUNTRY
SBO_EXP_HTI,COUNTRY
SBO_EXP_IDN,COUNTRY
SBO_EXP_IMN,COUNTRY
SBO_EXP_IND,COUNTRY
SBO_EXP_IRL,COUNTRY
SBO_EXP_IRN,COUNTRY
SBO_EXP_IRQ,COUNTRY
SBO_EXP_ISL,COUNTRY
SBO_EXP_ISR,COUNTRY
SBO_EXP_ITA,COUNTRY
SBO_EXP_JAM,COUNTRY
SBO_EXP_JOR,COUNTRY
SBO_EXP_JPN,COUNTRY
SBO_EXP_KEN,COUNTRY
SBO_EXP_KGZ,COUNTRY
SBO_EXP_KIR,COUNTRY
SBO_EXP_KNA,COUNTRY
SBO_EXP_KOR,COUNTRY
SBO_EXP_KWT,COUNTRY
SBO_EXP_LBN,COUNTRY
SBO_EXP_LBR,COUNTRY
SBO_EXP_LBY,COUNTRY
SBO_EXP_LCA,COUNTRY
SBO_EXP_LTU,COUNTRY
SBO_EXP_LUX,COUNTRY
SBO_EXP_MAR,COUNTRY
SBO_EXP_MDG,COUNTRY
SBO_EXP_MEX,COUNTRY
SBO_EXP_MHL,COUNTRY
SBO_EXP_MLT,COUNTRY
SBO_EXP_MNE,COUNTRY
SBO_EXP_MOZ,COUNTRY
SBO_EXP_MRT,COUNTRY
SBO_EXP_MTQ,COUNTRY
SBO_EXP_MUS,COUNTRY
SBO_EXP_MWI,COUNTRY
SBO_EXP_MYS,COUNTRY
SBO_EXP_NGA,COUNTRY
SBO_EXP_NIC,COUNTRY
SBO_EXP_NIU,COUNTRY
SBO_EXP_NLD,COUNTRY
SBO_EXP_NOR,COUNTRY
SBO_EXP_NZL,COUNTRY
SBO_EXP_OMN,COUNTRY
SBO_EXP_PAK,COUNTRY
SBO_EXP_PAN,COUNTRY
SBO_EXP_PER,COUNTRY
SBO_EXP_PHL,COUNTRY
SBO_EXP_POL,COUNTRY
SBO_EXP_PRK,COUNTRY
SBO_EXP_PRT,COUNTRY
SBO_EXP_PRY,COUNTRY
SBO_EXP_QAT,COUNTRY
SBO_EXP_ROU,COUNTRY
SBO_EXP_RUS,COUNTRY
SBO_EXP_SAU,COUNTRY
SBO_EXP_SDN,COUNTRY
SBO_EXP_SEN,COUNTRY
SBO_EXP_SGP,COUNTRY
SBO_EXP_SHN,COUNTRY
SBO_EXP_SLE,COUNTRY
SBO_EXP_SLV,COUNTRY
SBO_EXP_STP,COUNTRY
SBO_EXP_SUR,COUNTRY
SBO_EXP_SWE,COUNTRY
SBO_EXP_SWZ,COUNTRY
SBO_EXP_SXM,COUNTRY
SBO_EXP_SYR,COUNTRY
SBO_EXP_TCA,COUNTRY
SBO_EXP_TGO,COUNTRY
SBO_EXP_THA,COUNTRY
SBO_EXP_TTO,COUNTRY
SBO_EXP_TUN,COUNTRY
SBO_EXP_TUR,COUNTRY
SBO_EXP_TUV,COUNTRY
SBO_EXP_TWN,COUNTRY
SBO_EXP_TZA,COUNTRY
SBO_EXP_URY,COUNTRY
SBO_EXP_USA,COUNTRY
SBO_EXP_VCT,COUNTRY
SBO_EXP_VEN,COUNTRY
SBO_EXP_VGB,COUNTRY
SBO_EXP_VNM,COUNTRY
SBO_EXP_VUT,COUNTRY
SBO_EXP_WOR,COUNTRY
SBO_EXP_ZAF,COUNTRY
SBS_EXP_ABW,COUNTRY
SBS_EXP_AFG,COUNTRY
SBS_EXP_AGO,COUNTRY
SBS_EXP_ANT,COUNTRY
SBS_EXP_ARE,COUNTRY
SBS_EXP_ARG,COUNTRY
SBS_EXP_ATG,COUNTRY
SBS_EXP_AUS,COUNTRY
SBS_EXP_AUT,COUNTRY
SBS_EXP_BEL,COUNTRY
SBS_EXP_BEN,COUNTRY
SBS_EXP_BGD,COUNTRY
SBS_EXP_BHR,COUNTRY
SBS_EXP_BHS,COUNTRY
SBS_EXP_BIH,COUNTRY
SBS_EXP_BLZ,COUNTRY
SBS_EXP_BOL,COUNTRY
SBS_EXP_CAN,COUNTRY
SBS_EXP_CHE,COUNTRY
SBS_EXP_CHL,COUNTRY
SBS_EXP_CHN,COUNTRY
SBS_EXP_CIV,COUNTRY
SBS_EXP_CMR,COUNTRY
SBS_EXP_COD,COUNTRY
SBS_EXP_COG,COUNTRY
SBS_EXP_COL,COUNTRY
SBS_EXP_CPV,COUNTRY
SBS_EXP_CRI,COUNTRY
SBS_EXP_CUB,COUNTRY
SBS_EXP_CYM,COUNTRY
SBS_EXP_CYP,COUNTRY
SBS_EXP_DEU,COUNTRY
SBS_EXP_DNK,COUNTRY
SBS_EXP_DOM,COUNTRY
SBS_EXP_DZA,COUNTRY
SBS_EXP_EGY,COUNTRY
SBS_EXP_ESP,COUNTRY
SBS_EXP_FIN,COUNTRY
SBS_EXP_FRA,COUNTRY
SBS_EXP_GBR,COUNTRY
SBS_EXP_GEO,COUNTRY
SBS_EXP_GHA,COUNTRY
SBS_EXP_GIB,COUNTRY
SBS_EXP_GMB,COUNTRY
SBS_EXP_GNQ,COUNTRY
SBS_EXP_GRC,COUNTRY
SBS_EXP_GTM,COUNTRY
SBS_EXP_GUF,COUNTRY
SBS_EXP_GUY,COUNTRY
SBS_EXP_HKG,COUNTRY
SBS_EXP_HRV,COUNTRY
SBS_EXP_HUN,COUNTRY
SBS_EXP_IDN,COUNTRY
SBS_EXP_IND,COUNTRY
SBS_EXP_IRL,COUNTRY
SBS_EXP_IRN,COUNTRY
SBS_EXP_IRQ,COUNTRY
SBS_EXP_ISR,COUNTRY
SBS_EXP_ITA,COUNTRY
SBS_EXP_JOR,COUNTRY
SBS_EXP_JPN,COUNTRY
SBS_EXP_KHM,COUNTRY
SBS_EXP_KOR,COUNTRY
SBS_EXP_LBN,COUNTRY
SBS_EXP_LBR,COUNTRY
SBS_EXP_LKA,COUNTRY
SBS_EXP_LTU,COUNTRY
SBS_EXP_MAR,COUNTRY
SBS_EXP_MEX,COUNTRY
SBS_EXP_MHL,COUNTRY
SBS_EXP_MLT,COUNTRY
SBS_EXP_MMR,COUNTRY
SBS_EXP_MOZ,COUNTRY
SBS_EXP_MUS,COUNTRY
SBS_EXP_MYS,COUNTRY
SBS_EXP_NAM,COUNTRY
SBS_EXP_NGA,COUNTRY
SBS_EXP_NIC,COUNTRY
SBS_EXP_NLD,COUNTRY
SBS_EXP_NOR,COUNTRY
SBS_EXP_NPL,COUNTRY
SBS_EXP_OMN,COUNTRY
SBS_EXP_PAK,COUNTRY
SBS_EXP_PAN,COUNTRY
SBS_EXP_PER,COUNTRY
SBS_EXP_PHL,COUNTRY
SBS_EXP_POL,COUNTRY
SBS_EXP_PRI,COUNTRY
SBS_EXP_PRK,COUNTRY
SBS_EXP_PRT,COUNTRY
SBS_EXP_PRY,COUNTRY
SBS_EXP_ROU,COUNTRY
SBS_EXP_RUS,COUNTRY
SBS_EXP_SAU,COUNTRY
SBS_EXP_SCG,COUNTRY
SBS_EXP_SDN,COUNTRY
SBS_EXP_SEN,COUNTRY
SBS_EXP_SGP,COUNTRY
SBS_EXP_SLE,COUNTRY
SBS_EXP_SUR,COUNTRY
SBS_EXP_SVK,COUNTRY
SBS_EXP_SVN,COUNTRY
SBS_EXP_SWE,COUNTRY
SBS_EXP_SYR,COUNTRY
SBS_EXP_TCA,COUNTRY
SBS_EXP_THA,COUNTRY
SBS_EXP_TUN,COUNTRY
SBS_EXP_TUR,COUNTRY
SBS_EXP_TWN,COUNTRY
SBS_EXP_TZA,COUNTRY
SBS_EXP_UGA,COUNTRY
SBS_EXP_UKR,COUNTRY
SBS_EXP_UMI,COUNTRY
SBS_EXP_URY,COUNTRY
SBS_EXP_USA,COUNTRY
SBS_EXP_UZB,COUNTRY
SBS_EXP_VEN,COUNTRY
SBS_EXP_VGB,COUNTRY
SBS_EXP_VNM,COUNTRY
SBS_EXP_WOR,COUNTRY
SBS_EXP_ZAF,COUNTRY
SBS_EXP_ZMB,COUNTRY
WHM_EXP_AFG,COUNTRY
WHM_EXP_AGO,COUNTRY
WHM_EXP_ARE,COUNTRY
WHM_EXP_ARG,COUNTRY
WHM_EXP_ATG,COUNTRY
WHM_EXP_AUT,COUNTRY
WHM_EXP_BEL,COUNTRY
WHM_EXP_BGD,COUNTRY
WHM_EXP_BGR,COUNTRY
WHM_EXP_BHR,COUNTRY
WHM_EXP_BHS,COUNTRY
WHM_EXP_BIH,COUNTRY
WHM_EXP_BLZ,COUNTRY
WHM_EXP_BMU,COUNTRY
WHM_EXP_BOL,COUNTRY
WHM_EXP_BRA,COUNTRY
WHM_EXP_BRB,COUNTRY
WHM_EXP_BWA,COUNTRY
WHM_EXP_CAN,COUNTRY
WHM_EXP_CHE,COUNTRY
WHM_EXP_CHL,COUNTRY
WHM_EXP_CHN,COUNTRY
WHM_EXP_CMR,COUNTRY
WHM_EXP_COK,COUNTRY
WHM_EXP_COL,COUNTRY
WHM_EXP_COM,COUNTRY
WHM_EXP_CPV,COUNTRY
WHM_EXP_CUB,COUNTRY
WHM_EXP_CUW,COUNTRY
WHM_EXP_CYM,COUNTRY
WHM_EXP_CYP,COUNTRY
WHM_EXP_DEU,COUNTRY
WHM_EXP_DJI,COUNTRY
WHM_EXP_DNK,COUNTRY
WHM_EXP_DZA,COUNTRY
WHM_EXP_EGY,COUNTRY
WHM_EXP_ESP,COUNTRY
WHM_EXP_FIN,COUNTRY
WHM_EXP_FLK,COUNTRY
WHM_EXP_FRA,COUNTRY
WHM_EXP_FRO,COUNTRY
WHM_EXP_GAB,COUNTRY
WHM_EXP_GBR,COUNTRY
WHM_EXP_GIB,COUNTRY
WHM_EXP_GNB,COUNTRY
WHM_EXP_GNQ,COUNTRY
WHM_EXP_GRC,COUNTRY
WHM_EXP_GTM,COUNTRY
WHM_EXP_GUF,COUNTRY
WHM_EXP_GUY,COUNTRY
WHM_EXP_HKG,COUNTRY
WHM_EXP_HRV,COUNTRY
WHM_EXP_HTI,COUNTRY
WHM_EXP_IDN,COUNTRY
WHM_EXP_IMN,COUNTRY
WHM_EXP_IND,COUNTRY
WHM_EXP_IRL,COUNTRY
WHM_EXP_IRN,COUNTRY
WHM_EXP_IRQ,COUNTRY
WHM_EXP_ISL,COUNTRY
WHM_EXP_ITA,COUNTRY
WHM_EXP_JAM,COUNTRY
WHM_EXP_JOR,COUNTRY
WHM_EXP_JPN,COUNTRY
WHM_EXP_KIR,COUNTRY
WHM_EXP_KNA,COUNTRY
WHM_EXP_KOR,COUNTRY
WHM_EXP_KWT,COUNTRY
WHM_EXP_LBN,COUNTRY
WHM_EXP_LBR,COUNTRY
WHM_EXP_LBY,COUNTRY
WHM_EXP_LKA,COUNTRY
WHM_EXP_LTU,COUNTRY
WHM_EXP_LUX,COUNTRY
WHM_EXP_LVA,COUNTRY
WHM_EXP_MAR,COUNTRY
WHM_EXP_MCO,COUNTRY
WHM_EXP_MEX,COUNTRY
WHM_EXP_MHL,COUNTRY
WHM_EXP_MKD,COUNTRY
WHM_EXP_MLT,COUNTRY
WHM_EXP_MMR,COUNTRY
WHM_EXP_MNE,COUNTRY
WHM_EXP_MNG,COUNTRY
WHM_EXP_MOZ,COUNTRY
WHM_EXP_MTQ,COUNTRY
WHM_EXP_MYS,COUNTRY
WHM_EXP_NAM,COUNTRY
WHM_EXP_NIU,COUNTRY
WHM_EXP_NLD,COUNTRY
WHM_EXP_NOR,COUNTRY
WHM_EXP_PAK,COUNTRY
WHM_EXP_PAN,COUNTRY
WHM_EXP_PCN,COUNTRY
WHM_EXP_PER,COUNTRY
WHM_EXP_PHL,COUNTRY
WHM_EXP_PLW,COUNTRY
WHM_EXP_POL,COUNTRY
WHM_EXP_PRT,COUNTRY
WHM_EXP_PRY,COUNTRY
WHM_EXP_QAT,COUNTRY
WHM_EXP_ROU,COUNTRY
WHM_EXP_RUS,COUNTRY
WHM_EXP_SAU,COUNTRY
WHM_EXP_SEN,COUNTRY
WHM_EXP_SGP,COUNTRY
WHM_EXP_SLE,COUNTRY
WHM_EXP_SLV,COUNTRY
WHM_EXP_SUR,COUNTRY
WHM_EXP_SWE,COUNTRY
WHM_EXP_SWZ,COUNTRY
WHM_EXP_TGO,COUNTRY
WHM_EXP_THA,COUNTRY
WHM_EXP_TKL,COUNTRY
WHM_EXP_TON,COUNTRY
WHM_EXP_TUR,COUNTRY
WHM_EXP_TUV,COUNTRY
WHM_EXP_TWN,COUNTRY
WHM_EXP_TZA,COUNTRY
WHM_EXP_URY,COUNTRY
WHM_EXP_USA,COUNTRY
WHM_EXP_VCT,COUNTRY
WHM_EXP_VEN,COUNTRY
WHM_EXP_VIR,COUNTRY
WHM_EXP_VNM,COUNTRY
WHM_EXP_VUT,COUNTRY
WHM_EXP_WOR,COUNTRY
WHM_EXP_ZAF,COUNTRY
WHS_EXP_AGO,COUNTRY
WHS_EXP_ANT,COUNTRY
WHS_EXP_ARE,COUNTRY
WHS_EXP_ARG,COUNTRY
WHS_EXP_AUT,COUNTRY
WHS_EXP_BEL,COUNTRY
WHS_EXP_BGD,COUNTRY
WHS_EXP_BGR,COUNTRY
WHS_EXP_BHS,COUNTRY
WHS_EXP_BIH,COUNTRY
WHS_EXP_BLZ,COUNTRY
WHS_EXP_BOL,COUNTRY
WHS_EXP_BRB,COUNTRY
WHS_EXP_CAF,COUNTRY
WHS_EXP_CAN,COUNTRY
WHS_EXP_CHN,COUNTRY
WHS_EXP_COD,COUNTRY
WHS_EXP_COG,COUNTRY
WHS_EXP_COL,COUNTRY
WHS_EXP_CPV,COUNTRY
WHS_EXP_CUB,COUNTRY
WHS_EXP_CYM,COUNTRY
WHS_EXP_CYP,COUNTRY
WHS_EXP_DEU,COUNTRY
WHS_EXP_DJI,COUNTRY
WHS_EXP_DZA,COUNTRY
WHS_EXP_ECU,COUNTRY
WHS_EXP_EGY,COUNTRY
WHS_EXP_ESP,COUNTRY
WHS_EXP_ETH,COUNTRY
WHS_EXP_FRA,COUNTRY
WHS_EXP_GBR,COUNTRY
WHS_EXP_GRC,COUNTRY
WHS_EXP_HKG,COUNTRY
WHS_EXP_HRV,COUNTRY
WHS_EXP_IDN,COUNTRY
WHS_EXP_IMN,COUNTRY
WHS_EXP_IND,COUNTRY
WHS_EXP_IRL,COUNTRY
WHS_EXP_IRN,COUNTRY
WHS_EXP_ISR,COUNTRY
WHS_EXP_ITA,COUNTRY
WHS_EXP_JPN,COUNTRY
WHS_EXP_KEN,COUNTRY
WHS_EXP_KGZ,COUNTRY
WHS_EXP_KOR,COUNTRY
WHS_EXP_KWT,COUNTRY
WHS_EXP_LAO,COUNTRY
WHS_EXP_LBR,COUNTRY
WHS_EXP_LBY,COUNTRY
WHS_EXP_LKA,COUNTRY
WHS_EXP_LUX,COUNTRY
WHS_EXP_MAR,COUNTRY
WHS_EXP_MEX,COUNTRY
WHS_EXP_MHL,COUNTRY
WHS_EXP_MLI,COUNTRY
WHS_EXP_MLT,COUNTRY
WHS_EXP_MMR,COUNTRY
WHS_EXP_MOZ,COUNTRY
WHS_EXP_MRT,COUNTRY
WHS_EXP_MYS,COUNTRY
WHS_EXP_NAM,COUNTRY
WHS_EXP_NGA,COUNTRY
WHS_EXP_NLD,COUNTRY
WHS_EXP_NOR,COUNTRY
WHS_EXP_OMN,COUNTRY
WHS_EXP_PAK,COUNTRY
WHS_EXP_PAN,COUNTRY
WHS_EXP_PER,COUNTRY
WHS_EXP_PHL,COUNTRY
WHS_EXP_POL,COUNTRY
WHS_EXP_PRT,COUNTRY
WHS_EXP_PRY,COUNTRY
WHS_EXP_PSE,COUNTRY
WHS_EXP_ROU,COUNTRY
WHS_EXP_SAU,COUNTRY
WHS_EXP_SCG,COUNTRY
WHS_EXP_SDN,COUNTRY
WHS_EXP_SEN,COUNTRY
WHS_EXP_SGP,COUNTRY
WHS_EXP_SUR,COUNTRY
WHS_EXP_SYR,COUNTRY
WHS_EXP_THA,COUNTRY
WHS_EXP_TUN,COUNTRY
WHS_EXP_TUR,COUNTRY
WHS_EXP_TWN,COUNTRY
WHS_EXP_TZA,COUNTRY
WHS_EXP_URY,COUNTRY
WHS_EXP_USA,COUNTRY
WHS_EXP_VCT,COUNTRY
WHS_EXP_VEN,COUNTRY
WHS_EXP_VGB,COUNTRY
WHS_EXP_VNM,COUNTRY
WHS_EXP_WOR,COUNTRY
WHS_EXP_YEM,COUNTRY
WHS_EXP_ZAF,COUNTRY
COS_IMP_ARG,COUNTRY
COS_IMP_AUS,COUNTRY
COS_IMP_BEL,COUNTRY
COS_IMP_BMU,COUNTRY
COS_IMP_BOL,COUNTRY
COS_IMP_BRA,COUNTRY
COS_IMP_CAN,COUNTRY
COS_IMP_CHL,COUNTRY
COS_IMP_CHN,COUNTRY
COS_IMP_DEU,COUNTRY
COS_IMP_ESP,COUNTRY
COS_IMP_EST,COUNTRY
COS_IMP_FRA,COUNTRY
COS_IMP_GTM,COUNTRY
COS_IMP_HKG,COUNTRY
COS_IMP_HUN,COUNTRY
COS_IMP_IND,COUNTRY
COS_IMP_ITA,COUNTRY
COS_IMP_KOR,COUNTRY
COS_IMP_LBN,COUNTRY
COS_IMP_MEX,COUNTRY
COS_IMP_NZL,COUNTRY
COS_IMP_PER,COUNTRY
COS_IMP_PHL,COUNTRY
COS_IMP_PRI,COUNTRY
COS_IMP_PRY,COUNTRY
COS_IMP_THA,COUNTRY
COS_IMP_TUR,COUNTRY
COS_IMP_URY,COUNTRY
COS_IMP_USA,COUNTRY
COS_IMP_VEN,COUNTRY
COS_IMP_WOR,COUNTRY
COS_IMP_ZAF,COUNTRY
SBM_IMP_ARG,COUNTRY
SBM_IMP_AUT,COUNTRY
SBM_IMP_BOL,COUNTRY
SBM_IMP_BRA,COUNTRY
SBM_IMP_CHN,COUNTRY
SBM_IMP_DEU,COUNTRY
SBM_IMP_DNK,COUNTRY
SBM_IMP_ESP,COUNTRY
SBM_IMP_KOR,COUNTRY
SBM_IMP_MEX,COUNTRY
SBM_IMP_PRY,COUNTRY
SBM_IMP_TWN,COUNTRY
SBM_IMP_URY,COUNTRY
SBM_IMP_USA,COUNTRY
SBM_IMP_WOR,COUNTRY
SBO_IMP_ARG,COUNTRY
SBO_IMP_BEL,COUNTRY
SBO_IMP_BOL,COUNTRY
SBO_IMP_BRA,COUNTRY
SBO_IMP_CAN,COUNTRY
SBO_IMP_CHE,COUNTRY
SBO_IMP_CHN,COUNTRY
SBO_IMP_DEU,COUNTRY
SBO_IMP_ESP,COUNTRY
SBO_IMP_FRA,COUNTRY
SBO_IMP_GBR,COUNTRY
SBO_IMP_ITA,COUNTRY
SBO_IMP_JPN,COUNTRY
SBO_IMP_KOR,COUNTRY
SBO_IMP_LBN,COUNTRY
SBO_IMP_MYS,COUNTRY
SBO_IMP_NLD,COUNTRY
SBO_IMP_PRT,COUNTRY
SBO_IMP_PRY,COUNTRY
SBO_IMP_SWE,COUNTRY
SBO_IMP_TWN,COUNTRY
SBO_IMP_URY,COUNTRY
SBO_IMP_USA,COUNTRY
SBO_IMP_VEN,COUNTRY
SBO_IMP_WOR,COUNTRY
SBS_IMP_ARG,COUNTRY
SBS_IMP_BOL,COUNTRY
SBS_IMP_CAN,COUNTRY
SBS_IMP_CHE,COUNTRY
SBS_IMP_CHN,COUNTRY
SBS_IMP_COL,COUNTRY
SBS_IMP_JPN,COUNTRY
SBS_IMP_KOR,COUNTRY
SBS_IMP_MEX,COUNTRY
SBS_IMP_PRI,COUNTRY
SBS_IMP_PRY,COUNTRY
SBS_IMP_THA,COUNTRY
SBS_IMP_TWN,COUNTRY
SBS_IMP_URY,COUNTRY
SBS_IMP_USA,COUNTRY
SBS_IMP_WOR,COUNTRY
WHM_IMP_ARG,COUNTRY
WHM_IMP_AUS,COUNTRY
WHM_IMP_AUT,COUNTRY
WHM_IMP_BEL,COUNTRY
WHM_IMP_CAN,COUNTRY
WHM_IMP_CHN,COUNTRY
WHM_IMP_CZE,COUNTRY
WHM_IMP_DEU,COUNTRY
WHM_IMP_ESP,COUNTRY
WHM_IMP_FRA,COUNTRY
WHM_IMP_GBR,COUNTRY
WHM_IMP_GLP,COUNTRY
WHM_IMP_GRC,COUNTRY
WHM_IMP_IND,COUNTRY
WHM_IMP_IRL,COUNTRY
WHM_IMP_ISR,COUNTRY
WHM_IMP_ITA,COUNTRY
WHM_IMP_JOR,COUNTRY
WHM_IMP_JPN,COUNTRY
WHM_IMP_KOR,COUNTRY
WHM_IMP_LBN,COUNTRY
WHM_IMP_MEX,COUNTRY
WHM_IMP_NLD,COUNTRY
WHM_IMP_PER,COUNTRY
WHM_IMP_PRT,COUNTRY
WHM_IMP_PRY,COUNTRY
WHM_IMP_RUS,COUNTRY
WHM_IMP_SUR,COUNTRY
WHM_IMP_SYR,COUNTRY
WHM_IMP_THA,COUNTRY
WHM_IMP_TUR,COUNTRY
WHM_IMP_TWN,COUNTRY
WHM_IMP_URY,COUNTRY
WHM_IMP_USA,COUNTRY
WHM_IMP_VEN,COUNTRY
WHM_IMP_WOR,COUNTRY
WHS_IMP_AGO,COUNTRY
WHS_IMP_ARG,COUNTRY
WHS_IMP_CAN,COUNTRY
WHS_IMP_CHE,COUNTRY
WHS_IMP_CHN,COUNTRY
WHS_IMP_FRA,COUNTRY
WHS_IMP_ITA,COUNTRY
WHS_IMP_KAZ,COUNTRY
WHS_IMP_LBN,COUNTRY
WHS_IMP_MEX,COUNTRY
WHS_IMP_NLD,COUNTRY
WHS_IMP_POL,COUNTRY
WHS_IMP_PRY,COUNTRY
WHS_IMP_RUS,COUNTRY
WHS_IMP_SWE,COUNTRY
WHS_IMP_SYR,COUNTRY
WHS_IMP_TWN,COUNTRY
WHS_IMP_UKR,COUNTRY
WHS_IMP_URY,COUNTRY
WHS_IMP_USA,COUNTRY
WHS_IMP_WOR,COUNTRY
COS_EXP_ACJ,HARBOR
COS_EXP_BCR,HARBOR
COS_EXP_IMB,HARBOR
COS_EXP_ITJ,HARBOR
COS_EXP_PCR,HARBOR
COS_EXP_PNG,HARBOR
COS_EXP_RGR,HARBOR
COS_EXP_SAL,HARBOR
COS_EXP_SFS,HARBOR
COS_EXP_SLU,HARBOR
COS_EXP_SNT,HARBOR
COS_EXP_STM,HARBOR
COS_EXP_STS,HARBOR
COS_EXP_VIT,HARBOR
SBM_EXP_ACJ,HARBOR
SBM_EXP_BCR,HARBOR
SBM_EXP_IMB,HARBOR
SBM_EXP_ITJ,HARBOR
SBM_EXP_PCR,HARBOR
SBM_EXP_PNG,HARBOR
SBM_EXP_RGR,HARBOR
SBM_EXP_SAL,HARBOR
SBM_EXP_SFS,HARBOR
SBM_EXP_SLU,HARBOR
SBM_EXP_SNT,HARBOR
SBM_EXP_STM,HARBOR
SBM_EXP_STS,HARBOR
SBM_EXP_VIT,HARBOR
SBO_EXP_ACJ,HARBOR
SBO_EXP_BCR,HARBOR
SBO_EXP_IMB,HARBOR
SBO_EXP_ITJ,HARBOR
SBO_EXP_PCR,HARBOR
SBO_EXP_PNG,HARBOR
SBO_EXP_RGR,HARBOR
SBO_EXP_SAL,HARBOR
SBO_EXP_SFS,HARBOR
SBO_EXP_SLU,HARBOR
SBO_EXP_SNT,HARBOR
SBO_EXP_STM,HARBOR
SBO_EXP_STS,HARBOR
SBO_EXP_VIT,HARBOR
SBS_EXP_ACJ,HARBOR
SBS_EXP_BCR,HARBOR
SBS_EXP_IMB,HARBOR
SBS_EXP_ITJ,HARBOR
SBS_EXP_ITC,HARBOR
SBS_EXP_PCR,HARBOR
SBS_EXP_PNG,HARBOR
SBS_EXP_RGR,HARBOR
SBS_EXP_SAL,HARBOR
SBS_EXP_SFS,HARBOR
SBS_EXP_SLU,HARBOR
SBS_EXP_SNT,HARBOR
SBS_EXP_STM,HARBOR
SBS_EXP_STS,HARBOR
SBS_EXP_VIT,HARBOR
WHM_EXP_ACJ,HARBOR
WHM_EXP_BCR,HARBOR
WHM_EXP_IMB,HARBOR
WHM_EXP_ITJ,HARBOR
WHM_EXP_PCR,HARBOR
WHM_EXP_PNG,HARBOR
WHM_EXP_RGR,HARBOR
WHM_EXP_SAL,HARBOR
WHM_EXP_SFS,HARBOR
WHM_EXP_SLU,HARBOR
WHM_EXP_SNT,HARBOR
WHM_EXP_STM,HARBOR
WHM_EXP_STS,HARBOR
WHM_EXP_VIT,HARBOR
WHS_EXP_BCR,HARBOR
WHS_EXP_IMB,HARBOR
WHS_EXP_ITJ,HARBOR
WHS_EXP_PCR,HARBOR
WHS_EXP_PNG,HARBOR
WHS_EXP_RGR,HARBOR
WHS_EXP_SFS,HARBOR
WHS_EXP_SLU,HARBOR
WHS_EXP_SNT,HARBOR
WHS_EXP_STM,HARBOR
WHS_EXP_STS,HARBOR
WHS_EXP_VIT,HARBOR
COS_IMP_IMB,HARBOR
COS_IMP_ITJ,HARBOR
COS_IMP_PNG,HARBOR
COS_IMP_RGR,HARBOR
COS_IMP_SAL,HARBOR
COS_IMP_SFS,HARBOR
COS_IMP_SNT,HARBOR
COS_IMP_STS,HARBOR
COS_IMP_VIT,HARBOR
SBM_IMP_ITA,HARBOR
SBM_IMP_PNG,HARBOR
SBM_IMP_RGR,HARBOR
SBM_IMP_SFS,HARBOR
SBM_IMP_STS,HARBOR
SBO_IMP_ITJ,HARBOR
SBO_IMP_PNG,HARBOR
SBO_IMP_RGR,HARBOR
SBO_IMP_SAL,HARBOR
SBO_IMP_SFS,HARBOR
SBO_IMP_SNT,HARBOR
SBO_IMP_STS,HARBOR
SBO_IMP_VIT,HARBOR
SBS_IMP_PNG,HARBOR
SBS_IMP_RGR,HARBOR
SBS_IMP_SFS,HARBOR
SBS_IMP_STS,HARBOR
SBS_IMP_VIT,HARBOR
WHM_IMP_BCR,HARBOR
WHM_IMP_IMB,HARBOR
WHM_IMP_ITJ,HARBOR
WHM_IMP_PCR,HARBOR
WHM_IMP_PNG,HARBOR
WHM_IMP_RGR,HARBOR
WHM_IMP_SAL,HARBOR
WHM_IMP_SFS,HARBOR
WHM_IMP_SNT,HARBOR
WHM_IMP_STS,HARBOR
WHM_IMP_VIT,HARBOR
WHS_IMP_ACJ,HARBOR
WHS_IMP_IMB,HARBOR
WHS_IMP_ITJ,HARBOR
WHS_IMP_PNG,HARBOR
WHS_IMP_RGR,HARBOR
WHS_IMP_SAL,HARBOR
WHS_IMP_SFS,HARBOR
WHS_IMP_SLU,HARBOR
WHS_IMP_SNT,HARBOR
WHS_IMP_STS,HARBOR
WHS_IMP_VIT,HARBOR
COS_EXP_AC,STATE
COS_EXP_AL,STATE
COS_EXP_AM,STATE
COS_EXP_AP,STATE
COS_EXP_BA,STATE
COS_EXP_CE,STATE
COS_EXP_DF,STATE
COS_EXP_ES,STATE
COS_EXP_GO,STATE
COS_EXP_MA,STATE
COS_EXP_MG,STATE
COS_EXP_MS,STATE
COS_EXP_MT,STATE
COS_EXP_ND,STATE
COS_EXP_PA,STATE
COS_EXP_PB,STATE
COS_EXP_PE,STATE
COS_EXP_PI,STATE
COS_EXP_PR,STATE
COS_EXP_RJ,STATE
COS_EXP_RN,STATE
COS_EXP_RO,STATE
COS_EXP_RR,STATE
COS_EXP_RS,STATE
COS_EXP_SC,STATE
COS_EXP_SE,STATE
COS_EXP_SP,STATE
COS_EXP_TO,STATE
SBM_EXP_AC,STATE
SBM_EXP_AL,STATE
SBM_EXP_AM,STATE
SBM_EXP_BA,STATE
SBM_EXP_CE,STATE
SBM_EXP_ES,STATE
SBM_EXP_GO,STATE
SBM_EXP_MA,STATE
SBM_EXP_MG,STATE
SBM_EXP_MS,STATE
SBM_EXP_MT,STATE
SBM_EXP_ND,STATE
SBM_EXP_PA,STATE
SBM_EXP_PE,STATE
SBM_EXP_PI,STATE
SBM_EXP_PR,STATE
SBM_EXP_RJ,STATE
SBM_EXP_RN,STATE
SBM_EXP_RO,STATE
SBM_EXP_RR,STATE
SBM_EXP_RS,STATE
SBM_EXP_SC,STATE
SBM_EXP_SP,STATE
SBM_EXP_TO,STATE
SBO_EXP_AC,STATE
SBO_EXP_AL,STATE
SBO_EXP_AM,STATE
SBO_EXP_AP,STATE
SBO_EXP_BA,STATE
SBO_EXP_CE,STATE
SBO_EXP_DF,STATE
SBO_EXP_ES,STATE
SBO_EXP_GO,STATE
SBO_EXP_MA,STATE
SBO_EXP_MG,STATE
SBO_EXP_MS,STATE
SBO_EXP_MT,STATE
SBO_EXP_ND,STATE
SBO_EXP_PA,STATE
SBO_EXP_PB,STATE
SBO_EXP_PE,STATE
SBO_EXP_PI,STATE
SBO_EXP_PR,STATE
SBO_EXP_RJ,STATE
SBO_EXP_RO,STATE
SBO_EXP_RR,STATE
SBO_EXP_RS,STATE
SBO_EXP_SC,STATE
SBO_EXP_SP,STATE
SBO_EXP_TO,STATE
SBS_EXP_AC,STATE
SBS_EXP_AL,STATE
SBS_EXP_AM,STATE
SBS_EXP_AP,STATE
SBS_EXP_BA,STATE
SBS_EXP_DF,STATE
SBS_EXP_ES,STATE
SBS_EXP_GO,STATE
SBS_EXP_MA,STATE
SBS_EXP_MG,STATE
SBS_EXP_MS,STATE
SBS_EXP_MT,STATE
SBS_EXP_ND,STATE
SBS_EXP_PA,STATE
SBS_EXP_PB,STATE
SBS_EXP_PE,STATE
SBS_EXP_PI,STATE
SBS_EXP_PR,STATE
SBS_EXP_RJ,STATE
SBS_EXP_RO,STATE
SBS_EXP_RR,STATE
SBS_EXP_RS,STATE
SBS_EXP_SC,STATE
SBS_EXP_SE,STATE
SBS_EXP_SP,STATE
SBS_EXP_TO,STATE
WHM_EXP_AC,STATE
WHM_EXP_AL,STATE
WHM_EXP_AM,STATE
WHM_EXP_AP,STATE
WHM_EXP_BA,STATE
WHM_EXP_CE,STATE
WHM_EXP_DF,STATE
WHM_EXP_ES,STATE
WHM_EXP_GO,STATE
WHM_EXP_MA,STATE
WHM_EXP_MG,STATE
WHM_EXP_MS,STATE
WHM_EXP_MT,STATE
WHM_EXP_ND,STATE
WHM_EXP_PA,STATE
WHM_EXP_PE,STATE
WHM_EXP_PR,STATE
WHM_EXP_RJ,STATE
WHM_EXP_RN,STATE
WHM_EXP_RO,STATE
WHM_EXP_RR,STATE
WHM_EXP_RS,STATE
WHM_EXP_SC,STATE
WHM_EXP_SP,STATE
WHS_EXP_BA,STATE
WHS_EXP_CE,STATE
WHS_EXP_DF,STATE
WHS_EXP_ES,STATE
WHS_EXP_GO,STATE
WHS_EXP_MA,STATE
WHS_EXP_MG,STATE
WHS_EXP_MS,STATE
WHS_EXP_ND,STATE
WHS_EXP_PA,STATE
WHS_EXP_PR,STATE
WHS_EXP_RE,STATE
WHS_EXP_RJ,STATE
WHS_EXP_RS,STATE
WHS_EXP_SC,STATE
WHS_EXP_SP,STATE
COS_IMP_AL,STATE
COS_IMP_AM,STATE
COS_IMP_AP,STATE
COS_IMP_BA,STATE
COS_IMP_CE,STATE
COS_IMP_DF,STATE
COS_IMP_ES,STATE
COS_IMP_GO,STATE
COS_IMP_MG,STATE
COS_IMP_MS,STATE
COS_IMP_MT,STATE
COS_IMP_PA,STATE
COS_IMP_PB,STATE
COS_IMP_PE,STATE
COS_IMP_PI,STATE
COS_IMP_PR,STATE
COS_IMP_RJ,STATE
COS_IMP_RN,STATE
COS_IMP_RO,STATE
COS_IMP_RR,STATE
COS_IMP_RS,STATE
COS_IMP_SC,STATE
COS_IMP_SE,STATE
COS_IMP_SP,STATE
COS_IMP_TO,STATE
SBM_IMP_AL,STATE
SBM_IMP_CE,STATE
SBM_IMP_GO,STATE
SBM_IMP_MG,STATE
SBM_IMP_MS,STATE
SBM_IMP_PB,STATE
SBM_IMP_PE,STATE
SBM_IMP_PR,STATE
SBM_IMP_RJ,STATE
SBM_IMP_RN,STATE
SBM_IMP_RS,STATE
SBM_IMP_SC,STATE
SBM_IMP_SE,STATE
SBM_IMP_SP,STATE
SBO_IMP_AL,STATE
SBO_IMP_AM,STATE
SBO_IMP_BA,STATE
SBO_IMP_CE,STATE
SBO_IMP_ES,STATE
SBO_IMP_GO,STATE
SBO_IMP_MG,STATE
SBO_IMP_MS,STATE
SBO_IMP_MT,STATE
SBO_IMP_PE,STATE
SBO_IMP_PR,STATE
SBO_IMP_RJ,STATE
SBO_IMP_RO,STATE
SBO_IMP_RS,STATE
SBO_IMP_SC,STATE
SBO_IMP_SE,STATE
SBO_IMP_SP,STATE
SBS_IMP_AL,STATE
SBS_IMP_GO,STATE
SBS_IMP_MG,STATE
SBS_IMP_MS,STATE
SBS_IMP_MT,STATE
SBS_IMP_PR,STATE
SBS_IMP_RJ,STATE
SBS_IMP_RO,STATE
SBS_IMP_RS,STATE
SBS_IMP_SC,STATE
SBS_IMP_SP,STATE
WHM_IMP_AC,STATE
WHM_IMP_AL,STATE
WHM_IMP_AM,STATE
WHM_IMP_AP,STATE
WHM_IMP_BA,STATE
WHM_IMP_CE,STATE
WHM_IMP_DF,STATE
WHM_IMP_ES,STATE
WHM_IMP_GO,STATE
WHM_IMP_MA,STATE
WHM_IMP_MG,STATE
WHM_IMP_MS,STATE
WHM_IMP_MT,STATE
WHM_IMP_PA,STATE
WHM_IMP_PB,STATE
WHM_IMP_PE,STATE
WHM_IMP_PI,STATE
WHM_IMP_PR,STATE
WHM_IMP_RJ,STATE
WHM_IMP_RN,STATE
WHM_IMP_RO,STATE
WHM_IMP_RR,STATE
WHM_IMP_RS,STATE
WHM_IMP_SC,STATE
WHM_IMP_SE,STATE
WHM_IMP_SP,STATE
WHM_IMP_TO,STATE
WHS_IMP_AL,STATE
WHS_IMP_AM,STATE
WHS_IMP_AP,STATE
WHS_IMP_BA,STATE
WHS_IMP_CE,STATE
WHS_IMP_DF,STATE
WHS_IMP_ES,STATE
WHS_IMP_GO,STATE
WHS_IMP_MA,STATE
WHS_IMP_MG,STATE
WHS_IMP_MS,STATE
WHS_IMP_MT,STATE
WHS_IMP_PA,STATE
WHS_IMP_PB,STATE
WHS_IMP_PE,STATE
WHS_IMP_PI,STATE
WHS_IMP_PR,STATE
WHS_IMP_RJ,STATE
WHS_IMP_RN,STATE
WHS_IMP_RO,STATE
WHS_IMP_RS,STATE
WHS_IMP_SC,STATE
WHS_IMP_SE,STATE
WHS_IMP_SP,STATE
WHS_IMP_TO,STATE
